Datetime,Position,Close,Signal-10 PnL,Short,Long,Capital,,Backtest,,
2021-11-02 13:30:00+00:00,Short,15959.21777,,0,0,15959.21777,,,,
2021-11-02 14:30:00+00:00,Long,15965.52832,-6.310546875,-6.310546875,0,15952.90723,,,Strat (+-10),NDQ
2021-11-02 15:30:00+00:00,Short,15951.66211,-13.86621094,0,-13.86621094,15939.04102,,2024,,
2021-11-02 16:30:00+00:00,Long,15945.34473,6.317382813,6.317382813,0,15945.3584,,2023,,
2021-11-02 17:30:00+00:00,Short,15931.26953,-14.07519531,0,-14.07519531,15931.2832,,2022,,
2021-11-02 18:30:00+00:00,Long,15964.7168,-33.44726563,-33.44726563,0,15897.83594,,2021,,
2021-11-02 19:30:00+00:00,Short,15973.69922,8.982421875,0,8.982421875,15906.81836,,Total PnL,0,0
2021-11-03 13:30:00+00:00,Long,15969.1875,4.51171875,4.51171875,0,15911.33008,,,,
2021-11-03 14:30:00+00:00,Short,15974.48047,5.29296875,0,5.29296875,15916.62305,,Long Only,Strat (+-10),NDQ
2021-11-03 15:30:00+00:00,Long,15990.89844,-16.41796875,-16.41796875,0,15900.20508,,2024,,
2021-11-03 16:30:00+00:00,Short,15990.54688,-0.3515625,0,-0.3515625,15899.85352,,2023,,
2021-11-03 17:30:00+00:00,Long,16026.00684,-35.45996094,-35.45996094,0,15864.39355,,2022,,
2021-11-03 18:30:00+00:00,Short,16110.43848,84.43164063,0,84.43164063,15948.8252,,2021,,
2021-11-09 14:30:00+00:00,Long,16248.27734,-137.8388672,-137.8388672,0,15810.98633,,Total PnL,0,0
2021-11-09 17:30:00+00:00,Short,16200.28613,-47.99121094,0,-47.99121094,15762.99512,,,,
2021-11-09 18:30:00+00:00,Long,16219.17676,-18.890625,-18.890625,0,15744.10449,,Short Only,Strat (+-10),NDQ
2021-11-10 16:30:00+00:00,Short,16129.98242,-89.19433594,0,-89.19433594,15654.91016,,2024,,
2021-11-10 17:30:00+00:00,Long,16061.67676,68.30566406,68.30566406,0,15723.21582,,2023,,
2021-11-12 15:30:00+00:00,Short,16186.36719,124.6904297,0,124.6904297,15847.90625,,2022,,
2021-11-18 14:30:00+00:00,Long,16335.31152,-148.9443359,-148.9443359,0,15698.96191,,2021,,
2021-11-18 16:30:00+00:00,Short,16488.94336,153.6318359,0,153.6318359,15852.59375,,Total PnL,0,0
2021-11-18 17:30:00+00:00,Long,16442.70703,46.23632813,46.23632813,0,15898.83008,,,,
2021-11-19 14:30:00+00:00,Short,16555.00781,112.3007813,0,112.3007813,16011.13086,,,,
2021-11-19 17:30:00+00:00,Long,16559.19531,-4.1875,-4.1875,0,16006.94336,,,,
2021-11-19 18:30:00+00:00,Short,16580.9707,21.77539063,0,21.77539063,16028.71875,,,,
2021-11-19 19:30:00+00:00,Long,16578.41602,2.5546875,2.5546875,0,16031.27344,,,,
2021-11-22 14:30:00+00:00,Short,16738.43164,160.015625,0,160.015625,16191.28906,,,,
2021-11-22 15:30:00+00:00,Long,16612.07227,126.359375,126.359375,0,16317.64844,,,,
2021-11-24 20:30:00+00:00,Short,16370.56055,-241.5117188,0,-241.5117188,16076.13672,,,,
2021-11-26 15:30:00+00:00,Long,16075.91895,294.6416016,294.6416016,0,16370.77832,,,,
2021-11-29 15:30:00+00:00,Short,16293.58594,217.6669922,0,217.6669922,16588.44531,,,,
2021-11-30 14:30:00+00:00,Long,16413.09961,-119.5136719,-119.5136719,0,16468.93164,,,,
2021-12-03 20:30:00+00:00,Short,15715.91016,-697.1894531,0,-697.1894531,15771.74219,,,,
2021-12-06 14:30:00+00:00,Long,15763.28613,-47.37597656,-47.37597656,0,15724.36621,,,,
2021-12-06 17:30:00+00:00,Short,15871.79688,108.5107422,0,108.5107422,15832.87695,,,,
2021-12-06 18:30:00+00:00,Long,15885.18848,-13.39160156,-13.39160156,0,15819.48535,,,,
2021-12-07 14:30:00+00:00,Short,16238.51758,353.3291016,0,353.3291016,16172.81445,,,,
2021-12-09 16:30:00+00:00,Long,16279.8291,-41.31152344,-41.31152344,0,16131.50293,,,,
2021-12-13 19:30:00+00:00,Short,16156.13379,-123.6953125,0,-123.6953125,16007.80762,,,,
2021-12-14 14:30:00+00:00,Long,15921.87695,234.2568359,234.2568359,0,16242.06445,,,,
2021-12-15 19:30:00+00:00,Short,16205.85352,283.9765625,0,283.9765625,16526.04102,,,,
2021-12-17 19:30:00+00:00,Long,15844.74902,361.1044922,361.1044922,0,16887.14551,,,,
2021-12-21 16:30:00+00:00,Short,15843.6416,-1.107421875,0,-1.107421875,16886.03809,,,,
2021-12-29 16:30:00+00:00,Long,16429.56641,-585.9248047,-585.9248047,0,16300.11328,,,,
2021-12-29 17:30:00+00:00,Short,16446.9043,17.33789063,0,17.33789063,16317.45117,,,,
2021-12-31 14:30:00+00:00,Long,16405.94727,40.95703125,40.95703125,0,16358.4082,,,,
2021-12-31 15:30:00+00:00,Short,16404.13086,-1.81640625,0,-1.81640625,16356.5918,,,,
2021-12-31 16:30:00+00:00,Long,16366.51855,37.61230469,37.61230469,0,16394.2041,,,,
2021-12-31 17:30:00+00:00,Short,16390.68945,24.17089844,0,24.17089844,16418.375,,,,
2021-12-31 18:30:00+00:00,Long,16367.27344,23.41601563,23.41601563,0,16441.79102,,,,
2022-01-11 15:30:00+00:00,Short,15759.6875,-607.5859375,0,-607.5859375,15834.20508,,,,
2022-01-11 16:30:00+00:00,Long,15759.94043,-0.252929688,-0.252929688,0,15833.95215,,,,
2022-01-11 17:30:00+00:00,Short,15795.54395,35.60351563,0,35.60351563,15869.55566,,,,
2022-01-13 16:30:00+00:00,Long,15646.05176,149.4921875,149.4921875,0,16019.04785,,,,
2022-01-25 19:30:00+00:00,Short,14224.12207,-1421.929688,0,-1421.929688,14597.11816,,,,
2022-01-25 20:30:00+00:00,Long,14154.7168,69.40527344,69.40527344,0,14666.52344,,,,
2022-01-26 14:30:00+00:00,Short,14395.7207,241.0039063,0,241.0039063,14907.52734,,,,
2022-01-26 19:30:00+00:00,Long,14179.67285,216.0478516,216.0478516,0,15123.5752,,,,
2022-01-28 19:30:00+00:00,Short,14270.75195,91.07910156,0,91.07910156,15214.6543,,,,
2022-02-03 16:30:00+00:00,Long,14692.77148,-422.0195313,-422.0195313,0,14792.63477,,,,
2022-02-07 18:30:00+00:00,Short,14698.66211,5.890625,0,5.890625,14798.52539,,,,
2022-02-07 19:30:00+00:00,Long,14651.98145,46.68066406,46.68066406,0,14845.20605,,,,
2022-02-07 20:30:00+00:00,Short,14573.06641,-78.91503906,0,-78.91503906,14766.29102,,,,
2022-02-10 20:30:00+00:00,Long,14704.51758,-131.4511719,-131.4511719,0,14634.83984,,,,
2022-02-15 18:30:00+00:00,Short,14553.81934,-150.6982422,0,-150.6982422,14484.1416,,,,
2022-02-17 14:30:00+00:00,Long,14351.35156,202.4677734,202.4677734,0,14686.60938,,,,
2022-02-24 20:30:00+00:00,Short,13970.5,-380.8515625,0,-380.8515625,14305.75781,,,,
2022-03-01 16:30:00+00:00,Long,14066.08691,-95.58691406,-95.58691406,0,14210.1709,,,,
2022-03-01 17:30:00+00:00,Short,13984.12988,-81.95703125,0,-81.95703125,14128.21387,,,,
2022-03-01 19:30:00+00:00,Long,13990.69043,-6.560546875,-6.560546875,0,14121.65332,,,,
2022-03-02 14:30:00+00:00,Short,14086.14551,95.45507813,0,95.45507813,14217.1084,,,,
2022-03-02 15:30:00+00:00,Long,14176.66504,-90.51953125,-90.51953125,0,14126.58887,,,,
2022-03-02 16:30:00+00:00,Short,14185.78027,9.115234375,0,9.115234375,14135.7041,,,,
2022-03-03 14:30:00+00:00,Long,14150.54492,35.23535156,35.23535156,0,14170.93945,,,,
2022-03-03 15:30:00+00:00,Short,14109.90723,-40.63769531,0,-40.63769531,14130.30176,,,,
2022-03-03 16:30:00+00:00,Long,14062.83008,47.07714844,47.07714844,0,14177.37891,,,,
2022-03-03 17:30:00+00:00,Short,14183.96777,121.1376953,0,121.1376953,14298.5166,,,,
2022-03-04 14:30:00+00:00,Long,13831.83008,352.1376953,352.1376953,0,14650.6543,,,,
2022-03-09 16:30:00+00:00,Short,13675.08691,-156.7431641,0,-156.7431641,14493.91113,,,,
2022-03-10 16:30:00+00:00,Long,13493.14551,181.9414063,181.9414063,0,14675.85254,,,,
2022-03-10 18:30:00+00:00,Short,13590.18555,97.04003906,0,97.04003906,14772.89258,,,,
2022-03-11 14:30:00+00:00,Long,13546.91797,43.26757813,43.26757813,0,14816.16016,,,,
2022-03-15 18:30:00+00:00,Short,13439.49805,-107.4199219,0,-107.4199219,14708.74023,,,,
2022-03-23 19:30:00+00:00,Long,14448.19922,-1008.701172,-1008.701172,0,13700.03906,,,,
2022-03-24 18:30:00+00:00,Short,14724.61328,276.4140625,0,276.4140625,13976.45313,,,,
2022-03-25 14:30:00+00:00,Long,14598.31934,126.2939453,126.2939453,0,14102.74707,,,,
2022-03-25 15:30:00+00:00,Short,14653.31543,54.99609375,0,54.99609375,14157.74316,,,,
2022-03-31 13:30:00+00:00,Long,15011.80273,-358.4873047,-358.4873047,0,13799.25586,,,,
2022-03-31 14:30:00+00:00,Short,15026.56543,14.76269531,0,14.76269531,13814.01855,,,,
2022-03-31 15:30:00+00:00,Long,14998.84863,27.71679688,27.71679688,0,13841.73535,,,,
2022-03-31 16:30:00+00:00,Short,15003.32617,4.477539063,0,4.477539063,13846.21289,,,,
2022-03-31 17:30:00+00:00,Long,14989.37793,13.94824219,13.94824219,0,13860.16113,,,,
2022-04-04 13:30:00+00:00,Short,15038.46387,49.0859375,0,49.0859375,13909.24707,,,,
2022-04-05 18:30:00+00:00,Long,14819.26465,219.1992188,219.1992188,0,14128.44629,,,,
2022-04-08 13:30:00+00:00,Short,14404.37109,-414.8935547,0,-414.8935547,13713.55273,,,,
2022-04-08 19:30:00+00:00,Long,14330.80566,73.56542969,73.56542969,0,13787.11816,,,,
2022-04-13 14:30:00+00:00,Short,14152.6123,-178.1933594,0,-178.1933594,13608.9248,,,,
2022-04-13 15:30:00+00:00,Long,14161.33105,-8.71875,-8.71875,0,13600.20605,,,,
2022-04-13 16:30:00+00:00,Short,14177.60059,16.26953125,0,16.26953125,13616.47559,,,,
2022-04-14 14:30:00+00:00,Long,14074.39258,103.2080078,103.2080078,0,13719.68359,,,,
2022-04-14 15:30:00+00:00,Short,13986.6377,-87.75488281,0,-87.75488281,13631.92871,,,,
2022-04-18 13:30:00+00:00,Long,13976.67578,9.961914063,9.961914063,0,13641.89063,,,,
2022-04-19 14:30:00+00:00,Short,14165.31445,188.6386719,0,188.6386719,13830.5293,,,,
2022-04-19 17:30:00+00:00,Long,14123.19238,42.12207031,42.12207031,0,13872.65137,,,,
2022-04-19 18:30:00+00:00,Short,14213.81934,90.62695313,0,90.62695313,13963.27832,,,,
2022-04-21 14:30:00+00:00,Long,14083.51465,130.3046875,130.3046875,0,14093.58301,,,,
2022-04-28 16:30:00+00:00,Short,13410.22949,-673.2851563,0,-673.2851563,13420.29785,,,,
2022-04-29 17:30:00+00:00,Long,13021.59375,388.6357422,388.6357422,0,13808.93359,,,,
2022-05-02 13:30:00+00:00,Short,12984.37109,-37.22265625,0,-37.22265625,13771.71094,,,,
2022-05-02 14:30:00+00:00,Long,12862.32324,122.0478516,122.0478516,0,13893.75879,,,,
2022-05-03 19:30:00+00:00,Short,13085.98438,223.6611328,0,223.6611328,14117.41992,,,,
2022-05-04 13:30:00+00:00,Long,12962.97754,123.0068359,123.0068359,0,14240.42676,,,,
2022-05-04 15:30:00+00:00,Short,13059.86426,96.88671875,0,96.88671875,14337.31348,,,,
2022-05-05 14:30:00+00:00,Long,12914.92578,144.9384766,144.9384766,0,14482.25195,,,,
2022-05-06 13:30:00+00:00,Short,12719.82422,-195.1015625,0,-195.1015625,14287.15039,,,,
2022-05-06 14:30:00+00:00,Long,12883.73438,-163.9101563,-163.9101563,0,14123.24023,,,,
2022-05-11 13:30:00+00:00,Short,12386.61035,-497.1240234,0,-497.1240234,13626.11621,,,,
2022-05-11 15:30:00+00:00,Long,12210.27246,176.3378906,176.3378906,0,13802.4541,,,,
2022-05-13 13:30:00+00:00,Short,12323.82422,113.5517578,0,113.5517578,13916.00586,,,,
2022-05-17 13:30:00+00:00,Long,12406.97266,-83.1484375,-83.1484375,0,13832.85742,,,,
2022-05-17 14:30:00+00:00,Short,12436.50684,29.53417969,0,29.53417969,13862.3916,,,,
2022-05-17 18:30:00+00:00,Long,12559.26855,-122.7617188,-122.7617188,0,13739.62988,,,,
2022-05-17 19:30:00+00:00,Short,12566.5,7.231445313,0,7.231445313,13746.86133,,,,
2022-05-18 13:30:00+00:00,Long,12305.83105,260.6689453,260.6689453,0,14007.53027,,,,
2022-05-20 19:30:00+00:00,Short,11835.84473,-469.9863281,0,-469.9863281,13537.54395,,,,
2022-05-24 13:30:00+00:00,Long,11648.92773,186.9169922,186.9169922,0,13724.46094,,,,
2022-05-24 14:30:00+00:00,Short,11655.86719,6.939453125,0,6.939453125,13731.40039,,,,
2022-05-24 19:30:00+00:00,Long,11778.65332,-122.7861328,-122.7861328,0,13608.61426,,,,
2022-05-25 13:30:00+00:00,Short,11883.97852,105.3251953,0,105.3251953,13713.93945,,,,
2022-05-25 15:30:00+00:00,Long,11806.33691,77.64160156,77.64160156,0,13791.58105,,,,
2022-05-25 16:30:00+00:00,Short,11829.44434,23.10742188,0,23.10742188,13814.68848,,,,
2022-05-25 17:30:00+00:00,Long,11934.73828,-105.2939453,-105.2939453,0,13709.39453,,,,
2022-05-25 18:30:00+00:00,Short,11990.42285,55.68457031,0,55.68457031,13765.0791,,,,
2022-06-01 13:30:00+00:00,Long,12617.33496,-626.9121094,-626.9121094,0,13138.16699,,,,
2022-06-02 14:30:00+00:00,Short,12671.39746,54.0625,0,54.0625,13192.22949,,,,
2022-06-06 15:30:00+00:00,Long,12557.29395,114.1035156,114.1035156,0,13306.33301,,,,
2022-06-07 14:30:00+00:00,Short,12597.76855,40.47460938,0,40.47460938,13346.80762,,,,
2022-06-07 15:30:00+00:00,Long,12582.77246,14.99609375,14.99609375,0,13361.80371,,,,
2022-06-07 16:30:00+00:00,Short,12650.23633,67.46386719,0,67.46386719,13429.26758,,,,
2022-06-08 13:30:00+00:00,Long,12726.22266,-75.98632813,-75.98632813,0,13353.28125,,,,
2022-06-08 14:30:00+00:00,Short,12758.49609,32.2734375,0,32.2734375,13385.55469,,,,
2022-06-09 14:30:00+00:00,Long,12557.0625,201.4335938,201.4335938,0,13586.98828,,,,
2022-06-15 13:30:00+00:00,Short,11487.51563,-1069.546875,0,-1069.546875,12517.44141,,,,
2022-06-16 13:30:00+00:00,Long,11208.71191,278.8037109,278.8037109,0,12796.24512,,,,
2022-06-16 15:30:00+00:00,Short,11159.72754,-48.984375,0,-48.984375,12747.26074,,,,
2022-06-16 16:30:00+00:00,Long,11183.63965,-23.91210938,-23.91210938,0,12723.34863,,,,
2022-06-21 13:30:00+00:00,Short,11597.34375,413.7041016,0,413.7041016,13137.05273,,,,
2022-06-23 16:30:00+00:00,Long,11543.31738,54.02636719,54.02636719,0,13191.0791,,,,
2022-06-23 17:30:00+00:00,Short,11609.39258,66.07519531,0,66.07519531,13257.1543,,,,
2022-06-28 15:30:00+00:00,Long,11773.36328,-163.9707031,-163.9707031,0,13093.18359,,,,
2022-06-30 18:30:00+00:00,Short,11521.23438,-252.1289063,0,-252.1289063,12841.05469,,,,
2022-06-30 19:30:00+00:00,Long,11507.52148,13.71289063,13.71289063,0,12854.76758,,,,
2022-07-01 15:30:00+00:00,Short,11459.27637,-48.24511719,0,-48.24511719,12806.52246,,,,
2022-07-01 16:30:00+00:00,Long,11446.3291,12.94726563,12.94726563,0,12819.46973,,,,
2022-07-01 17:30:00+00:00,Short,11516.48828,70.15917969,0,70.15917969,12889.62891,,,,
2022-07-05 14:30:00+00:00,Long,11467.57813,48.91015625,48.91015625,0,12938.53906,,,,
2022-07-05 15:30:00+00:00,Short,11604.49316,136.9150391,0,136.9150391,13075.4541,,,,
2022-07-11 13:30:00+00:00,Long,11884.9502,-280.4570313,-280.4570313,0,12794.99707,,,,
2022-07-14 18:30:00+00:00,Short,11791.81445,-93.13574219,0,-93.13574219,12701.86133,,,,
2022-07-14 19:30:00+00:00,Long,11765.33887,26.47558594,26.47558594,0,12728.33691,,,,
2022-07-15 13:30:00+00:00,Short,11940.88574,175.546875,0,175.546875,12903.88379,,,,
2022-07-22 15:30:00+00:00,Long,12402.08008,-461.1943359,-461.1943359,0,12442.68945,,,,
2022-07-22 16:30:00+00:00,Short,12368.02051,-34.05957031,0,-34.05957031,12408.62988,,,,
2022-07-22 17:30:00+00:00,Long,12341.5127,26.5078125,26.5078125,0,12435.1377,,,,
2022-07-27 13:30:00+00:00,Short,12384.22754,42.71484375,0,42.71484375,12477.85254,,,,
2022-08-05 14:30:00+00:00,Long,13074.31641,-690.0888672,-690.0888672,0,11787.76367,,,,
2022-08-05 19:30:00+00:00,Short,13206.71973,132.4033203,0,132.4033203,11920.16699,,,,
2022-08-08 15:30:00+00:00,Long,13152.22949,54.49023438,54.49023438,0,11974.65723,,,,
2022-08-09 14:30:00+00:00,Short,13026.20898,-126.0205078,0,-126.0205078,11848.63672,,,,
2022-08-09 15:30:00+00:00,Long,12947.72656,78.48242188,78.48242188,0,11927.11914,,,,
2022-08-10 15:30:00+00:00,Short,13316.06738,368.3408203,0,368.3408203,12295.45996,,,,
2022-08-15 13:30:00+00:00,Long,13548.68359,-232.6162109,-232.6162109,0,12062.84375,,,,
2022-08-15 14:30:00+00:00,Short,13570.91113,22.22753906,0,22.22753906,12085.07129,,,,
2022-08-17 13:30:00+00:00,Long,13469.01563,101.8955078,101.8955078,0,12186.9668,,,,
2022-08-24 14:30:00+00:00,Short,12972.27539,-496.7402344,0,-496.7402344,11690.22656,,,,
2022-08-24 16:30:00+00:00,Long,12900.74512,71.53027344,71.53027344,0,11761.75684,,,,
2022-08-24 17:30:00+00:00,Short,12928.31836,27.57324219,0,27.57324219,11789.33008,,,,
2022-08-26 14:30:00+00:00,Long,12814.77246,113.5458984,113.5458984,0,11902.87598,,,,
2022-08-26 16:30:00+00:00,Short,12772.4707,-42.30175781,0,-42.30175781,11860.57422,,,,
2022-08-26 17:30:00+00:00,Long,12712.04199,60.42871094,60.42871094,0,11921.00293,,,,
2022-09-02 13:30:00+00:00,Short,12395.75781,-316.2841797,0,-316.2841797,11604.71875,,,,
2022-09-02 16:30:00+00:00,Long,12133.04492,262.7128906,262.7128906,0,11867.43164,,,,
2022-09-06 14:30:00+00:00,Short,12065.73828,-67.30664063,0,-67.30664063,11800.125,,,,
2022-09-06 15:30:00+00:00,Long,12038.18066,27.55761719,27.55761719,0,11827.68262,,,,
2022-09-07 16:30:00+00:00,Short,12145.87109,107.6904297,0,107.6904297,11935.37305,,,,
2022-09-13 13:30:00+00:00,Long,12295.5,-149.6289063,-149.6289063,0,11785.74414,,,,
2022-09-19 18:30:00+00:00,Short,11938.54688,-356.953125,0,-356.953125,11428.79102,,,,
2022-09-20 17:30:00+00:00,Long,11814.79297,123.7539063,123.7539063,0,11552.54492,,,,
2022-09-20 18:30:00+00:00,Short,11860.64063,45.84765625,0,45.84765625,11598.39258,,,,
2022-09-20 19:30:00+00:00,Long,11851.94922,8.69140625,8.69140625,0,11607.08398,,,,
2022-09-21 13:30:00+00:00,Short,11927.82227,75.87304688,0,75.87304688,11682.95703,,,,
2022-09-21 17:30:00+00:00,Long,11783.81445,144.0078125,144.0078125,0,11826.96484,,,,
2022-09-28 14:30:00+00:00,Short,11365.94531,-417.8691406,0,-417.8691406,11409.0957,,,,
2022-09-29 13:30:00+00:00,Long,11144.16699,221.7783203,221.7783203,0,11630.87402,,,,
2022-09-29 15:30:00+00:00,Short,11149.38184,5.21484375,0,5.21484375,11636.08887,,,,
2022-09-29 17:30:00+00:00,Long,11077.58691,71.79492188,71.79492188,0,11707.88379,,,,
2022-10-03 13:30:00+00:00,Short,11147.82129,70.234375,0,70.234375,11778.11816,,,,
2022-10-03 15:30:00+00:00,Long,11131.32227,16.49902344,16.49902344,0,11794.61719,,,,
2022-10-03 16:30:00+00:00,Short,11190.79688,59.47460938,0,59.47460938,11854.0918,,,,
2022-10-06 13:30:00+00:00,Long,11476.72754,-285.9306641,-285.9306641,0,11568.16113,,,,
2022-10-06 14:30:00+00:00,Short,11589.09961,112.3720703,0,112.3720703,11680.5332,,,,
2022-10-06 15:30:00+00:00,Long,11543.1377,45.96191406,45.96191406,0,11726.49512,,,,
2022-10-06 16:30:00+00:00,Short,11572.23145,29.09375,0,29.09375,11755.58887,,,,
2022-10-06 17:30:00+00:00,Long,11530.01953,42.21191406,42.21191406,0,11797.80078,,,,
2022-10-13 16:30:00+00:00,Short,11015.22266,-514.796875,0,-514.796875,11283.00391,,,,
2022-10-13 17:30:00+00:00,Long,10958.58691,56.63574219,56.63574219,0,11339.63965,,,,
2022-10-13 18:30:00+00:00,Short,11042.34277,83.75585938,0,83.75585938,11423.39551,,,,
2022-10-14 16:30:00+00:00,Long,10776.80762,265.5351563,265.5351563,0,11688.93066,,,,
2022-10-17 13:30:00+00:00,Short,11037.0752,260.2675781,0,260.2675781,11949.19824,,,,
2022-10-17 16:30:00+00:00,Long,11054.18164,-17.10644531,-17.10644531,0,11932.0918,,,,
2022-10-18 13:30:00+00:00,Short,11208.92285,154.7412109,0,154.7412109,12086.83301,,,,
2022-10-19 13:30:00+00:00,Long,11223.77734,-14.85449219,-14.85449219,0,12071.97852,,,,
2022-10-20 14:30:00+00:00,Short,11218.44434,-5.333007813,0,-5.333007813,12066.64551,,,,
2022-10-20 15:30:00+00:00,Long,11146.37988,72.06445313,72.06445313,0,12138.70996,,,,
2022-10-21 15:30:00+00:00,Short,11143.93555,-2.444335938,0,-2.444335938,12136.26563,,,,
2022-10-24 13:30:00+00:00,Long,11207.33789,-63.40234375,-63.40234375,0,12072.86328,,,,
2022-10-24 14:30:00+00:00,Short,11327.00293,119.6650391,0,119.6650391,12192.52832,,,,
2022-10-27 14:30:00+00:00,Long,11293.79199,33.2109375,33.2109375,0,12225.73926,,,,
2022-10-28 15:30:00+00:00,Short,11467.18652,173.3945313,0,173.3945313,12399.13379,,,,
2022-10-31 13:30:00+00:00,Long,11359.09668,108.0898438,108.0898438,0,12507.22363,,,,
2022-10-31 14:30:00+00:00,Short,11420.52832,61.43164063,0,61.43164063,12568.65527,,,,
2022-11-01 15:30:00+00:00,Long,11304.58008,115.9482422,115.9482422,0,12684.60352,,,,
2022-11-02 17:30:00+00:00,Short,11391.78125,87.20117188,0,87.20117188,12771.80469,,,,
2022-11-02 18:30:00+00:00,Long,10984.66895,407.1123047,407.1123047,0,13178.91699,,,,
2022-11-04 19:30:00+00:00,Short,10856.37402,-128.2949219,0,-128.2949219,13050.62207,,,,
2022-11-09 18:30:00+00:00,Long,10867.46973,-11.09570313,-11.09570313,0,13039.52637,,,,
2022-11-10 14:30:00+00:00,Short,11390.54004,523.0703125,0,523.0703125,13562.59668,,,,
2022-11-16 16:30:00+00:00,Long,11733.53516,-342.9951172,-342.9951172,0,13219.60156,,,,
2022-11-16 17:30:00+00:00,Short,11757.94727,24.41210938,0,24.41210938,13244.01367,,,,
2022-11-16 18:30:00+00:00,Long,11725.59473,32.35253906,32.35253906,0,13276.36621,,,,
2022-11-16 19:30:00+00:00,Short,11691.60449,-33.99023438,0,-33.99023438,13242.37598,,,,
2022-11-17 14:30:00+00:00,Long,11628.58496,63.01953125,63.01953125,0,13305.39551,,,,
2022-11-21 14:30:00+00:00,Short,11577.48828,-51.09667969,0,-51.09667969,13254.29883,,,,
2022-11-21 16:30:00+00:00,Long,11532.8418,44.64648438,44.64648438,0,13298.94531,,,,
2022-11-21 19:30:00+00:00,Short,11554.48828,21.64648438,0,21.64648438,13320.5918,,,,
2022-11-21 20:30:00+00:00,Long,11553.44141,1.046875,1.046875,0,13321.63867,,,,
2022-11-22 16:30:00+00:00,Short,11625.74902,72.30761719,0,72.30761719,13393.94629,,,,
2022-11-28 18:30:00+00:00,Long,11580.75977,44.98925781,44.98925781,0,13438.93555,,,,
2022-11-30 18:30:00+00:00,Short,11890.16602,309.40625,0,309.40625,13748.3418,,,,
2022-12-05 14:30:00+00:00,Long,11872.25781,17.90820313,17.90820313,0,13766.25,,,,
2022-12-08 14:30:00+00:00,Short,11637.54199,-234.7158203,0,-234.7158203,13531.53418,,,,
2022-12-09 20:30:00+00:00,Long,11563.50586,74.03613281,74.03613281,0,13605.57031,,,,
2022-12-12 19:30:00+00:00,Short,11673.8623,110.3564453,0,110.3564453,13715.92676,,,,
2022-12-14 19:30:00+00:00,Long,11720.08105,-46.21875,-46.21875,0,13669.70801,,,,
2022-12-20 17:30:00+00:00,Short,11094.95215,-625.1289063,0,-625.1289063,13044.5791,,,,
2022-12-20 18:30:00+00:00,Long,11090.40527,4.546875,4.546875,0,13049.12598,,,,
2022-12-21 14:30:00+00:00,Short,11189.52441,99.11914063,0,99.11914063,13148.24512,,,,
2022-12-22 14:30:00+00:00,Long,10936.48047,253.0439453,253.0439453,0,13401.28906,,,,
2022-12-27 14:30:00+00:00,Short,10893.20215,-43.27832031,0,-43.27832031,13358.01074,,,,
2022-12-27 19:30:00+00:00,Long,10848.91504,44.28710938,44.28710938,0,13402.29785,,,,
2022-12-29 15:30:00+00:00,Short,10937.53027,88.61523438,0,88.61523438,13490.91309,,,,
2022-12-30 17:30:00+00:00,Long,10817.5957,119.9345703,119.9345703,0,13610.84766,,,,
2022-12-30 18:30:00+00:00,Short,10819.24512,1.649414063,0,1.649414063,13612.49707,,,,
2023-01-03 15:30:00+00:00,Long,10834.06934,-14.82421875,-14.82421875,0,13597.67285,,,,
2023-01-04 14:30:00+00:00,Short,10826.41309,-7.65625,0,-7.65625,13590.0166,,,,
2023-01-05 19:30:00+00:00,Long,10760.35645,66.05664063,66.05664063,0,13656.07324,,,,
2023-01-05 20:30:00+00:00,Short,10742.06738,-18.2890625,0,-18.2890625,13637.78418,,,,
2023-01-11 15:30:00+00:00,Long,11294.37695,-552.3095703,-552.3095703,0,13085.47461,,,,
2023-01-11 16:30:00+00:00,Short,11332.11035,37.73339844,0,37.73339844,13123.20801,,,,
2023-01-18 15:30:00+00:00,Long,11500.24316,-168.1328125,-168.1328125,0,12955.0752,,,,
2023-01-20 19:30:00+00:00,Short,11595.23633,94.99316406,0,94.99316406,13050.06836,,,,
2023-01-25 14:30:00+00:00,Long,11589.43945,5.796875,5.796875,0,13055.86523,,,,
2023-01-25 19:30:00+00:00,Short,11808.88965,219.4501953,0,219.4501953,13275.31543,,,,
2023-01-30 14:30:00+00:00,Long,11993.87598,-184.9863281,-184.9863281,0,13090.3291,,,,
2023-01-30 15:30:00+00:00,Short,12000.60938,6.733398438,0,6.733398438,13097.0625,,,,
2023-01-30 16:30:00+00:00,Long,11994.09766,6.51171875,6.51171875,0,13103.57422,,,,
2023-02-01 14:30:00+00:00,Short,12090.12305,96.02539063,0,96.02539063,13199.59961,,,,
2023-02-03 19:30:00+00:00,Long,12580.21289,-490.0898438,-490.0898438,0,12709.50977,,,,
2023-02-07 19:30:00+00:00,Short,12702.16699,121.9541016,0,121.9541016,12831.46387,,,,
2023-02-08 15:30:00+00:00,Long,12492.45996,209.7070313,209.7070313,0,13041.1709,,,,
2023-02-08 16:30:00+00:00,Short,12543.70215,51.2421875,0,51.2421875,13092.41309,,,,
2023-02-08 20:30:00+00:00,Long,12498.18945,45.51269531,45.51269531,0,13137.92578,,,,
2023-02-09 14:30:00+00:00,Short,12580.66504,82.47558594,0,82.47558594,13220.40137,,,,
2023-02-09 18:30:00+00:00,Long,12422.07617,158.5888672,158.5888672,0,13378.99023,,,,
2023-02-13 15:30:00+00:00,Short,12480.78613,58.70996094,0,58.70996094,13437.7002,,,,
2023-02-16 19:30:00+00:00,Long,12479.11328,1.672851563,1.672851563,0,13439.37305,,,,
2023-02-23 19:30:00+00:00,Short,12214.70117,-264.4121094,0,-264.4121094,13174.96094,,,,
2023-02-24 14:30:00+00:00,Long,11933.06348,281.6376953,281.6376953,0,13456.59863,,,,
2023-02-27 16:30:00+00:00,Short,12069.40137,136.3378906,0,136.3378906,13592.93652,,,,
2023-02-27 18:30:00+00:00,Long,12093.74023,-24.33886719,-24.33886719,0,13568.59766,,,,
2023-02-28 14:30:00+00:00,Short,12044.77051,-48.96972656,0,-48.96972656,13519.62793,,,,
2023-03-01 14:30:00+00:00,Long,11953.14453,91.62597656,91.62597656,0,13611.25391,,,,
2023-03-02 18:30:00+00:00,Short,12022.17773,69.03320313,0,69.03320313,13680.28711,,,,
2023-03-07 15:30:00+00:00,Long,12203.61621,-181.4384766,-181.4384766,0,13498.84863,,,,
2023-03-09 14:30:00+00:00,Short,12296.79102,93.17480469,0,93.17480469,13592.02344,,,,
2023-03-09 16:30:00+00:00,Long,12275.19531,21.59570313,21.59570313,0,13613.61914,,,,
2023-03-14 13:30:00+00:00,Short,12169.3125,-105.8828125,0,-105.8828125,13507.73633,,,,
2023-03-15 14:30:00+00:00,Long,12113.0166,56.29589844,56.29589844,0,13564.03223,,,,
2023-03-15 16:30:00+00:00,Short,12151.94531,38.92871094,0,38.92871094,13602.96094,,,,
2023-03-20 15:30:00+00:00,Long,12475.44043,-323.4951172,-323.4951172,0,13279.46582,,,,
2023-03-20 17:30:00+00:00,Short,12537.68848,62.24804688,0,62.24804688,13341.71387,,,,
2023-03-20 18:30:00+00:00,Long,12532.95313,4.735351563,4.735351563,0,13346.44922,,,,
2023-03-20 19:30:00+00:00,Short,12561.21094,28.2578125,0,28.2578125,13374.70703,,,,
2023-03-22 19:30:00+00:00,Long,12566.27832,-5.067382813,-5.067382813,0,13369.63965,,,,
2023-03-23 14:30:00+00:00,Short,12845.41113,279.1328125,0,279.1328125,13648.77246,,,,
2023-03-23 16:30:00+00:00,Long,12791.83105,53.58007813,53.58007813,0,13702.35254,,,,
2023-03-24 16:30:00+00:00,Short,12692.23633,-99.59472656,0,-99.59472656,13602.75781,,,,
2023-03-24 17:30:00+00:00,Long,12707.88477,-15.6484375,-15.6484375,0,13587.10938,,,,
2023-03-24 18:30:00+00:00,Short,12758.00098,50.11621094,0,50.11621094,13637.22559,,,,
2023-03-27 14:30:00+00:00,Long,12725.99512,32.00585938,32.00585938,0,13669.23145,,,,
2023-03-27 16:30:00+00:00,Short,12682.29688,-43.69824219,0,-43.69824219,13625.5332,,,,
2023-03-28 17:30:00+00:00,Long,12548.78613,133.5107422,133.5107422,0,13759.04395,,,,
2023-03-29 13:30:00+00:00,Short,12766.77832,217.9921875,0,217.9921875,13977.03613,,,,
2023-04-04 15:30:00+00:00,Long,13096.96875,-330.1904297,-330.1904297,0,13646.8457,,,,
2023-04-10 14:30:00+00:00,Short,12955.69824,-141.2705078,0,-141.2705078,13505.5752,,,,
2023-04-12 18:30:00+00:00,Long,12845.78418,109.9140625,109.9140625,0,13615.48926,,,,
2023-04-13 17:30:00+00:00,Short,13100.9873,255.203125,0,255.203125,13870.69238,,,,
2023-04-14 13:30:00+00:00,Long,13043.67188,57.31542969,57.31542969,0,13928.00781,,,,
2023-04-14 14:30:00+00:00,Short,13036.98828,-6.68359375,0,-6.68359375,13921.32422,,,,
2023-04-14 15:30:00+00:00,Long,13008.9082,28.08007813,28.08007813,0,13949.4043,,,,
2023-04-14 17:30:00+00:00,Short,13053.13379,44.22558594,0,44.22558594,13993.62988,,,,
2023-04-17 15:30:00+00:00,Long,12995.9082,57.22558594,57.22558594,0,14050.85547,,,,
2023-04-17 19:30:00+00:00,Short,13086.82227,90.9140625,0,90.9140625,14141.76953,,,,
2023-04-19 13:30:00+00:00,Long,13020.85449,65.96777344,65.96777344,0,14207.7373,,,,
2023-04-19 15:30:00+00:00,Short,13094.4834,73.62890625,0,73.62890625,14281.36621,,,,
2023-04-19 18:30:00+00:00,Long,13106.78223,-12.29882813,-12.29882813,0,14269.06738,,,,
2023-04-20 16:30:00+00:00,Short,13101.39648,-5.385742188,0,-5.385742188,14263.68164,,,,
2023-04-20 17:30:00+00:00,Long,13018.4209,82.97558594,82.97558594,0,14346.65723,,,,
2023-04-24 13:30:00+00:00,Short,13003.13672,-15.28417969,0,-15.28417969,14331.37305,,,,
2023-04-24 14:30:00+00:00,Long,12911.85547,91.28125,91.28125,0,14422.6543,,,,
2023-04-24 18:30:00+00:00,Short,12963.49512,51.63964844,0,51.63964844,14474.29395,,,,
2023-04-25 13:30:00+00:00,Long,12863.74902,99.74609375,99.74609375,0,14574.04004,,,,
2023-04-27 16:30:00+00:00,Short,13108.69629,244.9472656,0,244.9472656,14818.9873,,,,
2023-05-02 13:30:00+00:00,Long,13138.14844,-29.45214844,-29.45214844,0,14789.53516,,,,
2023-05-04 14:30:00+00:00,Short,13005.21289,-132.9355469,0,-132.9355469,14656.59961,,,,
2023-05-04 16:30:00+00:00,Long,13041.78613,-36.57324219,-36.57324219,0,14620.02637,,,,
2023-05-04 17:30:00+00:00,Short,12998.51953,-43.26660156,0,-43.26660156,14576.75977,,,,
2023-05-04 18:30:00+00:00,Long,12997.41895,1.100585938,1.100585938,0,14577.86035,,,,
2023-05-05 13:30:00+00:00,Short,13167.98438,170.5654297,0,170.5654297,14748.42578,,,,
2023-05-09 17:30:00+00:00,Long,13223.49707,-55.51269531,-55.51269531,0,14692.91309,,,,
2023-05-10 13:30:00+00:00,Short,13336.09082,112.59375,0,112.59375,14805.50684,,,,
2023-05-10 16:30:00+00:00,Long,13215.57031,120.5205078,120.5205078,0,14926.02734,,,,
2023-05-10 17:30:00+00:00,Short,13288.52246,72.95214844,0,72.95214844,14998.97949,,,,
2023-05-12 13:30:00+00:00,Long,13350.27051,-61.74804688,-61.74804688,0,14937.23145,,,,
2023-05-12 16:30:00+00:00,Short,13297.24219,-53.02832031,0,-53.02832031,14884.20313,,,,
2023-05-12 17:30:00+00:00,Long,13270.58789,26.65429688,26.65429688,0,14910.85742,,,,
2023-05-15 14:30:00+00:00,Short,13373.11621,102.5283203,0,102.5283203,15013.38574,,,,
2023-05-16 19:30:00+00:00,Long,13426.87793,-53.76171875,-53.76171875,0,14959.62402,,,,
2023-05-17 15:30:00+00:00,Short,13494.83008,67.95214844,0,67.95214844,15027.57617,,,,
2023-05-22 19:30:00+00:00,Long,13850.24219,-355.4121094,-355.4121094,0,14672.16406,,,,
2023-05-26 13:30:00+00:00,Short,14163.96191,313.7197266,0,313.7197266,14985.88379,,,,
2023-05-31 13:30:00+00:00,Long,14261.02051,-97.05859375,-97.05859375,0,14888.8252,,,,
2023-06-01 14:30:00+00:00,Short,14351.44434,90.42382813,0,90.42382813,14979.24902,,,,
2023-06-06 16:30:00+00:00,Long,14542.80859,-191.3642578,-191.3642578,0,14787.88477,,,,
2023-06-06 17:30:00+00:00,Short,14546.32813,3.51953125,0,3.51953125,14791.4043,,,,
2023-06-07 14:30:00+00:00,Long,14462.12793,84.20019531,84.20019531,0,14875.60449,,,,
2023-06-09 13:30:00+00:00,Short,14656.7334,194.6054688,0,194.6054688,15070.20996,,,,
2023-06-09 14:30:00+00:00,Long,14540.93457,115.7988281,115.7988281,0,15186.00879,,,,
2023-06-09 15:30:00+00:00,Short,14507.80762,-33.12695313,0,-33.12695313,15152.88184,,,,
2023-06-20 13:30:00+00:00,Long,14957.01367,-449.2060547,-449.2060547,0,14703.67578,,,,
2023-06-27 13:30:00+00:00,Short,14767.76953,-189.2441406,0,-189.2441406,14514.43164,,,,
2023-06-29 17:30:00+00:00,Long,14913.44824,-145.6787109,-145.6787109,0,14368.75293,,,,
2023-06-29 19:30:00+00:00,Short,14940.00195,26.55371094,0,26.55371094,14395.30664,,,,
2023-07-05 17:30:00+00:00,Long,15189.58789,-249.5859375,-249.5859375,0,14145.7207,,,,
2023-07-05 18:30:00+00:00,Short,15229.70117,40.11328125,0,40.11328125,14185.83398,,,,
2023-07-05 19:30:00+00:00,Long,15202.74805,26.953125,26.953125,0,14212.78711,,,,
2023-07-10 13:30:00+00:00,Short,15034.44141,-168.3066406,0,-168.3066406,14044.48047,,,,
2023-07-19 16:30:00+00:00,Long,15813.25488,-778.8134766,-778.8134766,0,13265.66699,,,,
2023-07-20 15:30:00+00:00,Short,15593.90625,-219.3486328,0,-219.3486328,13046.31836,,,,
2023-07-20 17:30:00+00:00,Long,15497.125,96.78125,96.78125,0,13143.09961,,,,
2023-07-21 16:30:00+00:00,Short,15508.62793,11.50292969,0,11.50292969,13154.60254,,,,
2023-07-21 17:30:00+00:00,Long,15481.11621,27.51171875,27.51171875,0,13182.11426,,,,
2023-07-24 17:30:00+00:00,Short,15465.95117,-15.16503906,0,-15.16503906,13166.94922,,,,
2023-07-27 16:30:00+00:00,Long,15639.83887,-173.8876953,-173.8876953,0,12993.06152,,,,
2023-07-28 13:30:00+00:00,Short,15691.72559,51.88671875,0,51.88671875,13044.94824,,,,
2023-07-31 13:30:00+00:00,Long,15759.59473,-67.86914063,-67.86914063,0,12977.0791,,,,
2023-07-31 16:30:00+00:00,Short,15730.46484,-29.12988281,0,-29.12988281,12947.94922,,,,
2023-08-01 13:30:00+00:00,Long,15683.66895,46.79589844,46.79589844,0,12994.74512,,,,
2023-08-04 15:30:00+00:00,Short,15505.08203,-178.5869141,0,-178.5869141,12816.1582,,,,
2023-08-04 16:30:00+00:00,Long,15466.63672,38.4453125,38.4453125,0,12854.60352,,,,
2023-08-07 13:30:00+00:00,Short,15343.96191,-122.6748047,0,-122.6748047,12731.92871,,,,
2023-08-07 14:30:00+00:00,Long,15280.28809,63.67382813,63.67382813,0,12795.60254,,,,
2023-08-08 19:30:00+00:00,Short,15273.75391,-6.534179688,0,-6.534179688,12789.06836,,,,
2023-08-09 13:30:00+00:00,Long,15207.55469,66.19921875,66.19921875,0,12855.26758,,,,
2023-08-10 13:30:00+00:00,Short,15324.80469,117.25,0,117.25,12972.51758,,,,
2023-08-10 16:30:00+00:00,Long,15131.83496,192.9697266,192.9697266,0,13165.4873,,,,
2023-08-14 19:30:00+00:00,Short,15205.8916,74.05664063,0,74.05664063,13239.54395,,,,
2023-08-15 13:30:00+00:00,Long,15071.19336,134.6982422,134.6982422,0,13374.24219,,,,
2023-08-15 14:30:00+00:00,Short,15109.31934,38.12597656,0,38.12597656,13412.36816,,,,
2023-08-15 16:30:00+00:00,Long,15113.61328,-4.293945313,-4.293945313,0,13408.07422,,,,
2023-08-21 17:30:00+00:00,Short,14903.25,-210.3632813,0,-210.3632813,13197.71094,,,,
2023-08-24 16:30:00+00:00,Long,14927.50293,-24.25292969,-24.25292969,0,13173.45801,,,,
2023-08-28 13:30:00+00:00,Short,15049.8623,122.359375,0,122.359375,13295.81738,,,,
2023-09-05 13:30:00+00:00,Long,15464.60938,-414.7470703,-414.7470703,0,12881.07031,,,,
2023-09-05 15:30:00+00:00,Short,15515.16016,50.55078125,0,50.55078125,12931.62109,,,,
2023-09-05 16:30:00+00:00,Long,15502.87012,12.29003906,12.29003906,0,12943.91113,,,,
2023-09-05 17:30:00+00:00,Short,15550.3252,47.45507813,0,47.45507813,12991.36621,,,,
2023-09-05 18:30:00+00:00,Long,15522.76953,27.55566406,27.55566406,0,13018.92188,,,,
2023-09-05 19:30:00+00:00,Short,15506.09082,-16.67871094,0,-16.67871094,13002.24316,,,,
2023-09-06 13:30:00+00:00,Long,15366.05371,140.0371094,140.0371094,0,13142.28027,,,,
2023-09-08 13:30:00+00:00,Short,15360.82324,-5.23046875,0,-5.23046875,13137.0498,,,,
2023-09-08 14:30:00+00:00,Long,15341.98633,18.83691406,18.83691406,0,13155.88672,,,,
2023-09-11 13:30:00+00:00,Short,15365.47266,23.48632813,0,23.48632813,13179.37305,,,,
2023-09-12 14:30:00+00:00,Long,15337.20117,28.27148438,28.27148438,0,13207.64453,,,,
2023-09-12 15:30:00+00:00,Short,15358.12793,20.92675781,0,20.92675781,13228.57129,,,,
2023-09-13 13:30:00+00:00,Long,15322.01074,36.1171875,36.1171875,0,13264.68848,,,,
2023-09-14 14:30:00+00:00,Short,15462.65625,140.6455078,0,140.6455078,13405.33398,,,,
2023-09-15 14:30:00+00:00,Long,15243.28223,219.3740234,219.3740234,0,13624.70801,,,,
2023-09-20 15:30:00+00:00,Short,15190.06738,-53.21484375,0,-53.21484375,13571.49316,,,,
2023-09-20 17:30:00+00:00,Long,15150.95703,39.11035156,39.11035156,0,13610.60352,,,,
2023-09-25 18:30:00+00:00,Short,14722.87207,-428.0849609,0,-428.0849609,13182.51855,,,,
2023-09-26 13:30:00+00:00,Long,14603.95215,118.9199219,118.9199219,0,13301.43848,,,,
2023-09-27 13:30:00+00:00,Short,14603.69434,-0.2578125,0,-0.2578125,13301.18066,,,,
2023-09-27 14:30:00+00:00,Long,14576.67676,27.01757813,27.01757813,0,13328.19824,,,,
2023-09-28 14:30:00+00:00,Short,14667.75293,91.07617188,0,91.07617188,13419.27441,,,,
2023-10-02 15:30:00+00:00,Long,14762.6875,-94.93457031,-94.93457031,0,13324.33984,,,,
2023-10-05 13:30:00+00:00,Short,14662.81445,-99.87304688,0,-99.87304688,13224.4668,,,,
2023-10-12 13:30:00+00:00,Long,15289.73242,-626.9179688,-626.9179688,0,12597.54883,,,,
2023-10-16 16:30:00+00:00,Short,15138.76855,-150.9638672,0,-150.9638672,12446.58496,,,,
2023-10-18 13:30:00+00:00,Long,15042.72754,96.04101563,96.04101563,0,12542.62598,,,,
2023-10-24 13:30:00+00:00,Short,14742.55273,-300.1748047,0,-300.1748047,12242.45117,,,,
2023-10-24 16:30:00+00:00,Long,14672.53125,70.02148438,70.02148438,0,12312.47266,,,,
2023-10-24 17:30:00+00:00,Short,14706.4375,33.90625,0,33.90625,12346.37891,,,,
2023-10-25 13:30:00+00:00,Long,14519.93652,186.5009766,186.5009766,0,12532.87988,,,,
2023-10-30 18:30:00+00:00,Short,14365.19043,-154.7460938,0,-154.7460938,12378.13379,,,,
2023-11-07 16:30:00+00:00,Long,15273.18652,-907.9960938,-907.9960938,0,11470.1377,,,,
2023-11-07 17:30:00+00:00,Short,15316.17578,42.98925781,0,42.98925781,11513.12695,,,,
2023-11-08 16:30:00+00:00,Long,15242.02051,74.15527344,74.15527344,0,11587.28223,,,,
2023-11-08 17:30:00+00:00,Short,15283.38672,41.36621094,0,41.36621094,11628.64844,,,,
2023-11-09 14:30:00+00:00,Long,15293.65234,-10.265625,-10.265625,0,11618.38281,,,,
2023-11-09 15:30:00+00:00,Short,15340.3252,46.67285156,0,46.67285156,11665.05566,,,,
2023-11-09 17:30:00+00:00,Long,15311.79004,28.53515625,28.53515625,0,11693.59082,,,,
2023-11-10 16:30:00+00:00,Short,15408.45313,96.66308594,0,96.66308594,11790.25391,,,,
2023-11-16 14:30:00+00:00,Long,15815.74609,-407.2929688,-407.2929688,0,11382.96094,,,,
2023-11-16 16:30:00+00:00,Short,15811.78223,-3.963867188,0,-3.963867188,11378.99707,,,,
2023-11-17 14:30:00+00:00,Long,15809.56641,2.215820313,2.215820313,0,11381.21289,,,,
2023-11-20 14:30:00+00:00,Short,15902.93359,93.3671875,0,93.3671875,11474.58008,,,,
2023-11-22 19:30:00+00:00,Long,16009.40527,-106.4716797,-106.4716797,0,11368.1084,,,,
2023-11-22 20:30:00+00:00,Short,16001.37207,-8.033203125,0,-8.033203125,11360.0752,,,,
2023-11-27 18:30:00+00:00,Long,15997.17676,4.1953125,4.1953125,0,11364.27051,,,,
2023-11-28 15:30:00+00:00,Short,16000.73242,3.555664063,0,3.555664063,11367.82617,,,,
2023-11-28 17:30:00+00:00,Long,15962.40527,38.32714844,38.32714844,0,11406.15332,,,,
2023-11-29 14:30:00+00:00,Short,16070.79297,108.3876953,0,108.3876953,11514.54102,,,,
2023-11-29 15:30:00+00:00,Long,16006.19629,64.59667969,64.59667969,0,11579.1377,,,,
2023-11-29 16:30:00+00:00,Short,16051.19824,45.00195313,0,45.00195313,11624.13965,,,,
2023-11-29 19:30:00+00:00,Long,15985.90332,65.29492188,65.29492188,0,11689.43457,,,,
2023-11-29 20:30:00+00:00,Short,15988.11621,2.212890625,0,2.212890625,11691.64746,,,,
2023-11-30 14:30:00+00:00,Long,15915.51074,72.60546875,72.60546875,0,11764.25293,,,,
2023-11-30 20:30:00+00:00,Short,15950.1416,34.63085938,0,34.63085938,11798.88379,,,,
2023-12-01 14:30:00+00:00,Long,15848.63867,101.5029297,101.5029297,0,11900.38672,,,,
2023-12-01 15:30:00+00:00,Short,15929.68164,81.04296875,0,81.04296875,11981.42969,,,,
2023-12-05 15:30:00+00:00,Long,15852.62402,77.05761719,77.05761719,0,12058.4873,,,,
2023-12-06 14:30:00+00:00,Short,15870.39258,17.76855469,0,17.76855469,12076.25586,,,,
2023-12-06 19:30:00+00:00,Long,15802.35449,68.03808594,68.03808594,0,12144.29395,,,,
2023-12-07 14:30:00+00:00,Short,15973.19238,170.8378906,0,170.8378906,12315.13184,,,,
2023-12-08 15:30:00+00:00,Long,16034.22461,-61.03222656,-61.03222656,0,12254.09961,,,,
2023-12-08 17:30:00+00:00,Short,16061.54395,27.31933594,0,27.31933594,12281.41895,,,,
2023-12-15 20:30:00+00:00,Long,16607.10938,-545.5654297,-545.5654297,0,11735.85352,,,,
2023-12-18 17:30:00+00:00,Short,16738.54492,131.4355469,0,131.4355469,11867.28906,,,,
2023-12-20 19:30:00+00:00,Long,16587.65234,150.8925781,150.8925781,0,12018.18164,,,,
2023-12-22 19:30:00+00:00,Short,16789.73047,202.078125,0,202.078125,12220.25977,,,,
2023-12-28 19:30:00+00:00,Long,16912.13867,-122.4082031,-122.4082031,0,12097.85156,,,,
2023-12-29 14:30:00+00:00,Short,16905.1582,-6.98046875,0,-6.98046875,12090.87109,,,,
2023-12-29 15:30:00+00:00,Long,16758.26953,146.8886719,146.8886719,0,12237.75977,,,,
2024-01-08 14:30:00+00:00,Short,16481.57227,-276.6972656,0,-276.6972656,11961.0625,,,,
2024-01-08 15:30:00+00:00,Long,16490.85742,-9.28515625,-9.28515625,0,11951.77734,,,,
2024-01-08 16:30:00+00:00,Short,16525.94531,35.08789063,0,35.08789063,11986.86523,,,,
2024-01-11 15:30:00+00:00,Long,16655.39648,-129.4511719,-129.4511719,0,11857.41406,,,,
2024-01-11 17:30:00+00:00,Short,16745.91602,90.51953125,0,90.51953125,11947.93359,,,,
2024-01-12 18:30:00+00:00,Long,16833.0625,-87.14648438,-87.14648438,0,11860.78711,,,,
2024-01-12 19:30:00+00:00,Short,16813.62891,-19.43359375,0,-19.43359375,11841.35352,,,,
2024-01-12 20:30:00+00:00,Long,16829.48438,-15.85546875,-15.85546875,0,11825.49805,,,,
2024-01-16 14:30:00+00:00,Short,16860.5957,31.11132813,0,31.11132813,11856.60938,,,,
2024-01-16 17:30:00+00:00,Long,16798.78516,61.81054688,61.81054688,0,11918.41992,,,,
2024-01-18 15:30:00+00:00,Short,16956.80273,158.0175781,0,158.0175781,12076.4375,,,,
2024-01-18 16:30:00+00:00,Long,16894.96875,61.83398438,61.83398438,0,12138.27148,,,,
2024-01-18 18:30:00+00:00,Short,16963.91406,68.9453125,0,68.9453125,12207.2168,,,,
2024-01-25 18:30:00+00:00,Long,17457.44531,-493.53125,-493.53125,0,11713.68555,,,,
2024-01-26 19:30:00+00:00,Short,17425.80859,-31.63671875,0,-31.63671875,11682.04883,,,,
2024-01-26 20:30:00+00:00,Long,17417.16992,8.638671875,8.638671875,0,11690.6875,,,,
2024-01-29 16:30:00+00:00,Short,17482.76758,65.59765625,0,65.59765625,11756.28516,,,,
2024-01-31 14:30:00+00:00,Long,17222.7793,259.9882813,259.9882813,0,12016.27344,,,,
2024-02-02 14:30:00+00:00,Short,17491.51758,268.7382813,0,268.7382813,12285.01172,,,,
2024-02-06 16:30:00+00:00,Long,17514.07617,-22.55859375,-22.55859375,0,12262.45313,,,,
2024-02-06 17:30:00+00:00,Short,17519.28906,5.212890625,0,5.212890625,12267.66602,,,,
2024-02-06 18:30:00+00:00,Long,17507.81836,11.47070313,11.47070313,0,12279.13672,,,,
2024-02-06 20:30:00+00:00,Short,17571.66406,63.84570313,0,63.84570313,12342.98242,,,,
2024-02-13 14:30:00+00:00,Long,17665.53906,-93.875,-93.875,0,12249.10742,,,,
2024-02-15 14:30:00+00:00,Short,17756.03516,90.49609375,0,90.49609375,12339.60352,,,,
2024-02-20 14:30:00+00:00,Long,17450.17773,305.8574219,305.8574219,0,12645.46094,,,,
2024-02-22 14:30:00+00:00,Short,17902.21094,452.0332031,0,452.0332031,13097.49414,,,,
2024-02-26 18:30:00+00:00,Long,17985.26563,-83.0546875,-83.0546875,0,13014.43945,,,,
2024-02-26 19:30:00+00:00,Short,17968.4668,-16.79882813,0,-16.79882813,12997.64063,,,,
2024-02-27 15:30:00+00:00,Long,17934.92383,33.54296875,33.54296875,0,13031.18359,,,,
2024-02-27 18:30:00+00:00,Short,17962.25,27.32617188,0,27.32617188,13058.50977,,,,
2024-02-28 14:30:00+00:00,Long,17859.89648,102.3535156,102.3535156,0,13160.86328,,,,
2024-02-28 17:30:00+00:00,Short,17897.55859,37.66210938,0,37.66210938,13198.52539,,,,
2024-02-28 18:30:00+00:00,Long,17870.32813,27.23046875,27.23046875,0,13225.75586,,,,
2024-02-28 20:30:00+00:00,Short,17876.80664,6.478515625,0,6.478515625,13232.23438,,,,
2024-02-29 14:30:00+00:00,Long,17979.08008,-102.2734375,-102.2734375,0,13129.96094,,,,
2024-02-29 17:30:00+00:00,Short,18004.62695,25.546875,0,25.546875,13155.50781,,,,
2024-02-29 18:30:00+00:00,Long,17987.13281,17.49414063,17.49414063,0,13173.00195,,,,
2024-03-01 14:30:00+00:00,Short,18143.85742,156.7246094,0,156.7246094,13329.72656,,,,
2024-03-05 14:30:00+00:00,Long,17931.23047,212.6269531,212.6269531,0,13542.35352,,,,
2024-03-07 14:30:00+00:00,Short,18217.00977,285.7792969,0,285.7792969,13828.13281,,,,
2024-03-11 13:30:00+00:00,Long,17910.88281,306.1269531,306.1269531,0,14134.25977,,,,
2024-03-12 14:30:00+00:00,Short,18193.14258,282.2597656,0,282.2597656,14416.51953,,,,
2024-03-12 15:30:00+00:00,Long,18124.39453,68.74804688,68.74804688,0,14485.26758,,,,
2024-03-12 16:30:00+00:00,Short,18122.94531,-1.44921875,0,-1.44921875,14483.81836,,,,
2024-03-14 13:30:00+00:00,Long,18062.01563,60.9296875,60.9296875,0,14544.74805,,,,
2024-03-18 13:30:00+00:00,Short,18112.51758,50.50195313,0,50.50195313,14595.25,,,,
2024-03-18 19:30:00+00:00,Long,17984.27539,128.2421875,128.2421875,0,14723.49219,,,,
2024-03-19 14:30:00+00:00,Short,17885.13477,-99.140625,0,-99.140625,14624.35156,,,,
2024-03-20 13:30:00+00:00,Long,18052.16992,-167.0351563,-167.0351563,0,14457.31641,,,,
2024-03-20 15:30:00+00:00,Short,18036.73047,-15.43945313,0,-15.43945313,14441.87695,,,,
2024-03-20 16:30:00+00:00,Long,18021.07617,15.65429688,15.65429688,0,14457.53125,,,,
2024-03-20 17:30:00+00:00,Short,18121.91992,100.84375,0,100.84375,14558.375,,,,
2024-03-22 18:30:00+00:00,Long,18335.1582,-213.2382813,-213.2382813,0,14345.13672,,,,
2024-03-26 13:30:00+00:00,Short,18330.90039,-4.2578125,0,-4.2578125,14340.87891,,,,
2024-03-26 16:30:00+00:00,Long,18320.82422,10.07617188,10.07617188,0,14350.95508,,,,
2024-03-27 13:30:00+00:00,Short,18193.67383,-127.1503906,0,-127.1503906,14223.80469,,,,
2024-04-01 15:30:00+00:00,Long,18264.74414,-71.0703125,-71.0703125,0,14152.73438,,,,
2024-04-04 13:30:00+00:00,Short,18306.26172,41.51757813,0,41.51757813,14194.25195,,,,
2024-04-04 17:30:00+00:00,Long,18138.26758,167.9941406,167.9941406,0,14362.24609,,,,
2024-04-08 17:30:00+00:00,Short,18121.73242,-16.53515625,0,-16.53515625,14345.71094,,,,
2024-04-10 13:30:00+00:00,Long,17996.95117,124.78125,124.78125,0,14470.49219,,,,
2024-04-11 16:30:00+00:00,Short,18233.23633,236.2851563,0,236.2851563,14706.77734,,,,
2024-04-12 13:30:00+00:00,Long,18105.65234,127.5839844,127.5839844,0,14834.36133,,,,
2024-04-17 17:30:00+00:00,Short,17553.375,-552.2773438,0,-552.2773438,14282.08398,,,,
2024-04-17 18:30:00+00:00,Long,17494.33008,59.04492188,59.04492188,0,14341.12891,,,,
2024-04-22 16:30:00+00:00,Short,17199.375,-294.9550781,0,-294.9550781,14046.17383,,,,
2024-04-25 13:30:00+00:00,Long,17306.91211,-107.5371094,-107.5371094,0,13938.63672,,,,
2024-04-25 18:30:00+00:00,Short,17468.94727,162.0351563,0,162.0351563,14100.67188,,,,
2024-04-30 13:30:00+00:00,Long,17710.95898,-242.0117188,-242.0117188,0,13858.66016,,,,
2024-05-02 16:30:00+00:00,Short,17496.13477,-214.8242188,0,-214.8242188,13643.83594,,,,
2024-05-08 16:30:00+00:00,Long,18043.08984,-546.9550781,-546.9550781,0,13096.88086,,,,
2024-05-09 14:30:00+00:00,Short,18128.82617,85.73632813,0,85.73632813,13182.61719,,,,
2024-05-14 16:30:00+00:00,Long,18227.77148,-98.9453125,-98.9453125,0,13083.67188,,,,
2024-05-14 17:30:00+00:00,Short,18283.20117,55.4296875,0,55.4296875,13139.10156,,,,
2024-05-17 16:30:00+00:00,Long,18534.31641,-251.1152344,-251.1152344,0,12887.98633,,,,
2024-05-20 13:30:00+00:00,Short,18663.86719,129.5507813,0,129.5507813,13017.53711,,,,
2024-05-20 14:30:00+00:00,Long,18664.29883,-0.431640625,-0.431640625,0,13017.10547,,,,
2024-05-20 16:30:00+00:00,Short,18659.16406,-5.134765625,0,-5.134765625,13011.9707,,,,
2024-05-20 17:30:00+00:00,Long,18660.44336,-1.279296875,-1.279296875,0,13010.69141,,,,
2024-05-20 19:30:00+00:00,Short,18677.91406,17.47070313,0,17.47070313,13028.16211,,,,
2024-05-21 13:30:00+00:00,Long,18646.62695,31.28710938,31.28710938,0,13059.44922,,,,
2024-05-21 16:30:00+00:00,Short,18671.15625,24.52929688,0,24.52929688,13083.97852,,,,
2024-05-22 13:30:00+00:00,Long,18735.70313,-64.546875,-64.546875,0,13019.43164,,,,
2024-05-22 14:30:00+00:00,Short,18752.65234,16.94921875,0,16.94921875,13036.38086,,,,
2024-05-22 17:30:00+00:00,Long,18613.45898,139.1933594,139.1933594,0,13175.57422,,,,
2024-05-31 19:30:00+00:00,Short,18540.81641,-72.64257813,0,-72.64257813,13102.93164,,,,
2024-06-03 16:30:00+00:00,Long,18479.81055,61.00585938,61.00585938,0,13163.9375,,,,
2024-06-03 17:30:00+00:00,Short,18494.45703,14.64648438,0,14.64648438,13178.58398,,,,
2024-06-07 17:30:00+00:00,Long,19009.34766,-514.890625,-514.890625,0,12663.69336,,,,
2024-06-10 17:30:00+00:00,Short,19016.32617,6.978515625,0,6.978515625,12670.67188,,,,
2024-06-11 13:30:00+00:00,Long,19054.94922,-38.62304688,-38.62304688,0,12632.04883,,,,
2024-06-11 17:30:00+00:00,Short,19178.25391,123.3046875,0,123.3046875,12755.35352,,,,
2024-06-14 13:30:00+00:00,Long,19606.37305,-428.1191406,-428.1191406,0,12327.23438,,,,
2024-06-17 15:30:00+00:00,Short,19796.29492,189.921875,0,189.921875,12517.15625,,,,
2024-06-20 17:30:00+00:00,Long,19793.37891,2.916015625,2.916015625,0,12520.07227,,,,
2024-06-20 19:30:00+00:00,Short,19753.06836,-40.31054688,0,-40.31054688,12479.76172,,,,
2024-06-21 13:30:00+00:00,Long,19697.75195,55.31640625,55.31640625,0,12535.07813,,,,
2024-06-21 14:30:00+00:00,Short,19728.63477,30.8828125,0,30.8828125,12565.96094,,,,
2024-06-21 15:30:00+00:00,Long,19773.45117,-44.81640625,-44.81640625,0,12521.14453,,,,
2024-06-21 17:30:00+00:00,Short,19728.43555,-45.015625,0,-45.015625,12476.12891,,,,
2024-06-21 18:30:00+00:00,Long,19723.55664,4.87890625,4.87890625,0,12481.00781,,,,
2024-06-21 19:30:00+00:00,Short,19704.86133,-18.6953125,0,-18.6953125,12462.3125,,,,
2024-06-24 17:30:00+00:00,Long,19512.64453,192.2167969,192.2167969,0,12654.5293,,,,
2024-06-24 18:30:00+00:00,Short,19562.6875,50.04296875,0,50.04296875,12704.57227,,,,
2024-06-24 19:30:00+00:00,Long,19477.42773,85.25976563,85.25976563,0,12789.83203,,,,
2024-06-25 13:30:00+00:00,Short,19613.62109,136.1933594,0,136.1933594,12926.02539,,,,
2024-06-25 16:30:00+00:00,Long,19629.7207,-16.09960938,-16.09960938,0,12909.92578,,,,
2024-06-25 17:30:00+00:00,Short,19695.0332,65.3125,0,65.3125,12975.23828,,,,
2024-06-25 18:30:00+00:00,Long,19711.88672,-16.85351563,-16.85351563,0,12958.38477,,,,
2024-06-26 17:30:00+00:00,Short,19709.86133,-2.025390625,0,-2.025390625,12956.35938,,,,
2024-06-26 18:30:00+00:00,Long,19700.39063,9.470703125,9.470703125,0,12965.83008,,,,
2024-06-26 19:30:00+00:00,Short,19748.06445,47.67382813,0,47.67382813,13013.50391,,,,
2024-06-27 14:30:00+00:00,Long,19737.27344,10.79101563,10.79101563,0,13024.29492,,,,
2024-06-27 16:30:00+00:00,Short,19795.95898,58.68554688,0,58.68554688,13082.98047,,,,
2024-06-27 17:30:00+00:00,Long,19756.14844,39.81054688,39.81054688,0,13122.79102,,,,
2024-06-28 13:30:00+00:00,Short,19968.46875,212.3203125,0,212.3203125,13335.11133,,,,
2024-06-28 17:30:00+00:00,Long,19769.04492,199.4238281,199.4238281,0,13534.53516,,,,
2024-06-28 18:30:00+00:00,Short,19745.87305,-23.171875,0,-23.171875,13511.36328,,,,
2024-07-01 13:30:00+00:00,Long,19691.54102,54.33203125,54.33203125,0,13565.69531,,,,
2024-07-02 18:30:00+00:00,Short,19982.57227,291.03125,0,291.03125,13856.72656,,,,
2024-07-09 15:30:00+00:00,Long,20476.16211,-493.5898438,-493.5898438,0,13363.13672,,,,
2024-07-10 15:30:00+00:00,Short,20584.70703,108.5449219,0,108.5449219,13471.68164,,,,
2024-07-17 14:30:00+00:00,Long,19929.83984,654.8671875,654.8671875,0,14126.54883,,,,
2024-07-22 18:30:00+00:00,Short,19817.04883,-112.7910156,0,-112.7910156,14013.75781,,,,
2024-07-24 13:30:00+00:00,Long,19324.24023,492.8085938,492.8085938,0,14506.56641,,,,
2024-07-26 16:30:00+00:00,Short,19137.51172,-186.7285156,0,-186.7285156,14319.83789,,,,
2024-07-26 17:30:00+00:00,Long,19029.83203,107.6796875,107.6796875,0,14427.51758,,,,
2024-07-26 18:30:00+00:00,Short,19029.81836,-0.013671875,0,-0.013671875,14427.50391,,,,
2024-07-29 13:30:00+00:00,Long,19145.15625,-115.3378906,-115.3378906,0,14312.16602,,,,
2024-07-29 14:30:00+00:00,Short,19042.55273,-102.6035156,0,-102.6035156,14209.5625,,,,
2024-07-29 15:30:00+00:00,Long,19153.76563,-111.2128906,-111.2128906,0,14098.34961,,,,
2024-07-29 16:30:00+00:00,Short,19120.8125,-32.953125,0,-32.953125,14065.39648,,,,
2024-07-30 15:30:00+00:00,Long,18793.62305,327.1894531,327.1894531,0,14392.58594,,,,
2024-07-30 19:30:00+00:00,Short,18789.53906,-4.083984375,0,-4.083984375,14388.50195,,,,
2024-08-01 15:30:00+00:00,Long,19018.73633,-229.1972656,-229.1972656,0,14159.30469,,,,
2024-08-07 13:30:00+00:00,Short,18328.88477,-689.8515625,0,-689.8515625,13469.45313,,,,
2024-08-09 13:30:00+00:00,Long,18400.42773,-71.54296875,-71.54296875,0,13397.91016,,,,
2024-08-09 16:30:00+00:00,Short,18543.78125,143.3535156,0,143.3535156,13541.26367,,,,
2024-08-12 17:30:00+00:00,Long,18527.07617,16.70507813,16.70507813,0,13557.96875,,,,
2024-08-12 18:30:00+00:00,Short,18523.37109,-3.705078125,0,-3.705078125,13554.26367,,,,
2024-08-12 19:30:00+00:00,Long,18543.47852,-20.10742188,-20.10742188,0,13534.15625,,,,
2024-08-13 13:30:00+00:00,Short,18803.99805,260.5195313,0,260.5195313,13794.67578,,,,
2024-08-22 14:30:00+00:00,Long,19725.06836,-921.0703125,-921.0703125,0,12873.60547,,,,
2024-08-22 15:30:00+00:00,Short,19727.24023,2.171875,0,2.171875,12875.77734,,,,
2024-08-22 16:30:00+00:00,Long,19628.51563,98.72460938,98.72460938,0,12974.50195,,,,
2024-08-23 13:30:00+00:00,Short,19807.42188,178.90625,0,178.90625,13153.4082,,,,
2024-08-23 15:30:00+00:00,Long,19582.63477,224.7871094,224.7871094,0,13378.19531,,,,
2024-08-26 13:30:00+00:00,Short,19541.5332,-41.1015625,0,-41.1015625,13337.09375,,,,
2024-08-27 13:30:00+00:00,Long,19553.11133,-11.578125,-11.578125,0,13325.51563,,,,
2024-08-27 15:30:00+00:00,Short,19551.84961,-1.26171875,0,-1.26171875,13324.25391,,,,
2024-08-27 18:30:00+00:00,Long,19578.28516,-26.43554688,-26.43554688,0,13297.81836,,,,
2024-08-29 14:30:00+00:00,Short,19563.16016,-15.125,0,-15.125,13282.69336,,,,
2024-08-29 16:30:00+00:00,Long,19552.89063,10.26953125,10.26953125,0,13292.96289,,,,
2024-08-30 14:30:00+00:00,Short,19416.125,-136.765625,0,-136.765625,13156.19727,,,,
2024-08-30 15:30:00+00:00,Long,19370.73047,45.39453125,45.39453125,0,13201.5918,,,,
2024-08-30 17:30:00+00:00,Short,19426.35742,55.62695313,0,55.62695313,13257.21875,,,,
2024-09-03 13:30:00+00:00,Long,19270.7793,155.578125,155.578125,0,13412.79688,,,,
2024-09-09 15:30:00+00:00,Short,18643.56641,-627.2128906,0,-627.2128906,12785.58398,,,,
2024-09-09 17:30:00+00:00,Long,18565.74023,77.82617188,77.82617188,0,12863.41016,,,,
2024-09-10 13:30:00+00:00,Short,18754.31641,188.5761719,0,188.5761719,13051.98633,,,,
2024-09-11 13:30:00+00:00,Long,18636.1543,118.1621094,118.1621094,0,13170.14844,,,,
2024-09-11 14:30:00+00:00,Short,18664.69336,28.5390625,0,28.5390625,13198.6875,,,,
2024-09-17 16:30:00+00:00,Long,19432.30078,-767.6074219,-767.6074219,0,12431.08008,,,,
2024-09-17 17:30:00+00:00,Short,19413.4668,-18.83398438,0,-18.83398438,12412.24609,,,,
2024-09-17 18:30:00+00:00,Long,19401.31055,12.15625,12.15625,0,12424.40234,,,,
2024-09-17 19:30:00+00:00,Short,19434.00586,32.6953125,0,32.6953125,12457.09766,,,,
2024-09-18 19:30:00+00:00,Long,19346.3418,87.6640625,87.6640625,0,12544.76172,,,,
2024-09-19 13:30:00+00:00,Short,19880.86523,534.5234375,0,534.5234375,13079.28516,,,,
2024-09-20 17:30:00+00:00,Long,19725.16406,155.7011719,155.7011719,0,13234.98633,,,,
2024-09-20 18:30:00+00:00,Short,19806.26953,81.10546875,0,81.10546875,13316.0918,,,,
2024-09-23 13:30:00+00:00,Long,19870.41602,-64.14648438,-64.14648438,0,13251.94531,,,,
2024-09-24 13:30:00+00:00,Short,19769.31445,-101.1015625,0,-101.1015625,13150.84375,,,,
